,accuracy,f1,mean_prediction_time,median_prediction_time,range_prediction_time,variance_prediction_time,stdev_prediction_time
logistic regression,0.6858333333333333,0.7927432655305113,0.0012611558039983114,0.0012269020080566406,0.001828908920288086,4.5895043907748744e-08,0.0002142312860152521
naive Bayes,0.6975,0.799114554510238,0.0013148083289464315,0.0012869834899902344,0.0013871192932128906,3.6316970980447364e-08,0.00019057012090159192
random forest,0.7241666666666666,0.826792255363684,0.002434210975964864,0.0023870468139648438,0.002779245376586914,7.324455985264136e-08,0.0002706373216181415
