,accuracy,f1,mean_prediction_time,median_prediction_time,range_prediction_time,variance_prediction_time,stdev_prediction_time
logistic regression,0.7091666666666666,0.8098092643051772,0.0012378031015396118,0.0012090206146240234,0.0016541481018066406,3.625725141891776e-08,0.0001904133698533739
naive Bayes,0.6983333333333334,0.8008800880088008,0.0013378512859344481,0.0012965202331542969,0.0029668807983398438,6.253346190807407e-08,0.0002500669148609509
random forest,0.7283333333333334,0.828781512605042,0.00243340790271759,0.002379179000854492,0.0033109188079833984,8.750390133155563e-08,0.00029581058353540297
