,accuracy,f1,mean_prediction_time,median_prediction_time,range_prediction_time,variance_prediction_time,stdev_prediction_time
logistic regression,0.7083333333333334,0.8095756256800872,0.0012525975704193114,0.001217961311340332,0.0017781257629394531,3.975907286989775e-08,0.00019939677246610024
naive Bayes,0.7066666666666667,0.808695652173913,0.0013188292582829793,0.0012891292572021484,0.001338958740234375,3.8201449540842964e-08,0.00019545191106981524
random forest,0.7283333333333334,0.8303850156087409,0.0024434572458267214,0.002381563186645508,0.0026357173919677734,7.712549800004757e-08,0.00027771477814485777
